aac_pssm0,aac_pssm1,aac_pssm2,aac_pssm3,aac_pssm4,aac_pssm5,aac_pssm6,aac_pssm7,aac_pssm8,aac_pssm9,aac_pssm10,aac_pssm11,aac_pssm12,aac_pssm13,aac_pssm14,aac_pssm15,aac_pssm16,aac_pssm17,aac_pssm18,aac_pssm19
-0.6067796610169491,-0.6406779661016948,-0.43728813559322033,-0.8271186440677964,-2.149152542372881,-0.28813559322033894,-0.3016949152542373,-1.5525423728813559,-0.8983050847457626,-1.2101694915254235,-1.271186440677966,-0.2305084745762712,-0.7966101694915254,-1.5322033898305085,-1.5796610169491523,-0.23728813559322035,-0.34915254237288135,-2.51864406779661,-1.2135593220338983,-1.0372881355932204
-0.6285714285714286,-1.5510204081632653,-1.4653061224489794,-1.5551020408163263,-2.412244897959184,-1.2857142857142858,-1.3755102040816327,-1.9346938775510203,-1.6367346938775513,-1.3183673469387756,-1.4653061224489794,-1.3510204081632655,-1.1020408163265305,-2.061224489795918,-1.820408163265306,-0.9346938775510204,-0.9755102040816328,-3.0285714285714285,-1.9591836734693884,-1.0612244897959184
